Date,Open,High,Low,Close,Range
,^NSEBANK,^NSEBANK,^NSEBANK,^NSEBANK,
2021-12-20,35123.94520596271,35230.693970963104,34018.05565648867,34439.453125,1212.6383144744323
2021-12-21,34862.94624835966,35049.59251592339,34389.54940828774,34607.44921875,660.0431076356472
2021-12-22,34864.845654867684,35111.694354539286,34687.19927762198,35029.09375,424.4950769173083
2021-12-23,35350.08798649207,35476.88728986667,35045.84153255535,35190.73828125,431.04575731131627
2021-12-24,35281.788013753845,35327.53748054931,34582.99537684798,34856.64453125,744.5421037013293
2021-12-27,34573.24779897619,35143.291974492815,34232.60330890128,35057.4921875,910.6886655915368
2021-12-28,35307.889173637384,35351.98631581759,35037.4899821111,35183.390625,314.4963337064837
2021-12-29,35168.44388141819,35377.890672210495,34890.39632336253,35044.9921875,487.4943488479621
2021-12-30,34977.24318336054,35178.643193645104,34750.847368932926,35063.1953125,427.7958247121787
2021-12-31,35113.988661307674,35596.53381131151,35113.34023137478,35481.28515625,483.1935799367275
2022-01-03,35584.78703524051,36491.67887433692,35526.1900577274,36421.4765625,965.4888166095188
2022-01-04,36550.823682085975,36887.37053795375,36373.97418230583,36839.71875,513.3963556479212
2022-01-05,36943.1220130249,37861.9590050948,36755.92496691599,37695.4609375,1106.034038178812
2022-01-06,37242.116171825764,37752.05943962096,37058.01675773592,37489.8125,694.0426818850465
2022-01-07,37666.61412230199,38134.40948052595,37427.36689583087,37739.1640625,707.042584695082
2022-01-10,37930.11031517277,38399.90564089146,37928.91111034862,38347.453125,470.99453054284095
2022-01-11,38369.55552385211,38504.15552713439,38031.309442123085,38441.75390625,472.84608501130424
2022-01-12,38719.15243595666,38850.9985628448,38604.15376989478,38727.1015625,246.84479295001802
2022-01-13,38717.10260261493,38717.10260261493,38375.704210799726,38469.50390625,341.39839181520074
2022-01-14,38301.9070397266,38447.60456754593,38007.3088962622,38369.953125,440.2956712837331
2022-01-17,38212.10551067158,38617.0500107632,38137.80559520916,38215.703125,479.24441555404337
2022-01-18,38336.9516437718,38855.09794884346,38094.95446410095,38209.85546875,760.1434847425116
2022-01-19,38145.307382380764,38330.055238666064,37768.81175103346,38040.91015625,561.2434876326006
2022-01-20,38105.657179594506,38167.5041145941,37591.41317663697,37850.41015625,576.0909379571312
2022-01-21,37521.91466737574,37740.56055902154,37223.816575850076,37573.86328125,516.7439831714655
2022-01-24,37601.511920817844,37694.26084216676,36374.928529483084,36947.12109375,1319.3323126836767
2022-01-25,36597.62614515124,37788.36232923964,36415.17904330427,37706.3125,1373.1832859353672
2022-01-27,37057.76854956436,38147.20510735895,37011.819864809884,37981.66015625,1135.3852425490622
2022-01-28,38246.157594464494,38421.253218174104,37581.06375248925,37688.9609375,840.1894656848526
2022-01-31,38091.35802145327,38216.8057820451,37647.413962944105,37974.91015625,569.3918191009943
2022-02-01,38460.00052557831,38802.246532769044,37690.16185064272,38505.05078125,1112.0846821263258
2022-02-02,38841.09943172468,39386.143879334384,38752.19812104442,39330.04296875,633.9457582899631
2022-02-03,39255.243239803356,39424.39361874547,38860.6970415019,39009.546875,563.6965772435651
2022-02-04,39127.54685936882,39278.146677754965,38562.15496973748,38788.90234375,715.9917080174855
2022-02-07,38591.602444073695,38837.099592015446,37802.26005174329,37995.0078125,1034.839540272158
2022-02-08,38175.65844241026,38221.65790847612,37318.61760917495,38028.0078125,903.0402993011667
2022-02-09,38283.156144207205,38647.69877781298,38191.55564746408,38609.80078125,456.14313034889346
2022-02-10,38800.99852716137,39196.743930395016,38519.552577536575,39010.49609375,677.191352858441
2022-02-11,38567.19863096341,38789.79759730725,38395.95062821687,38516.80078125,393.8469690903803
2022-02-14,37663.56151759803,37796.110755698464,36827.62203092697,36908.12109375,968.4887247714942
2022-02-15,36989.3692387603,38231.15553250862,36651.423962703804,38169.65625,1579.7315698048187
2022-02-16,38296.054608126055,38461.25190559371,37762.36159634785,37953.359375,698.8903092458568
2022-02-17,38041.65811223532,38124.05558923084,37425.16529867026,37531.2109375,698.8902905605792
2022-02-18,37344.014682405104,37817.11073994177,37304.01514784118,37598.7109375,513.095592100588
2022-02-21,37399.565815608046,38053.95665606025,37156.369420208444,37685.1640625,897.5872358518027
2022-02-22,36832.57265576282,37658.96150521379,36817.67439111764,37371.21484375,841.2871140961506
2022-02-23,37628.11444507428,37774.16353273688,37317.567264934005,37391.6171875,456.5962678028736
2022-02-24,36084.779083422356,36708.721037611955,34990.94416269976,35227.69140625,1717.776874912197
2022-02-25,35901.283470258466,36684.2236223079,35767.785016213806,36430.328125,916.438606094096
2022-02-28,35938.53044735812,36269.827368192266,35611.4834770017,36204.87890625,658.3438911905687
2022-03-02,35381.48817576046,35553.28696493851,34897.044574317275,35372.390625,656.2423906212352
2022-03-03,35620.73431871012,35803.73219121727,34720.744781789705,34943.89453125,1082.9874094275656
2022-03-04,34525.70175509357,35097.34357298496,34093.70675759289,34407.40234375,1003.6368153920703
2022-03-07,33277.76088633603,33542.910142170855,32376.122949267025,32870.8671875,1166.7871929038301
2022-03-08,32531.520975180167,33263.16283265908,32154.974585594362,33157.71484375,1108.1882470647179
2022-03-09,33278.510166289576,33969.10367141036,32948.514016462075,33815.0546875,1020.5896549482859
2022-03-10,35153.53895841762,35373.73560735664,34217.65144321832,34475.19921875,1156.084164138323
2022-03-11,34330.60016316442,34879.64454988099,34093.903701137686,34545.84765625,785.7408487433058
2022-03-14,34659.84741565458,35434.68997812979,34624.648605749135,35311.73828125,810.041372380656
2022-03-15,35467.53780342269,35643.387326108445,34705.648203667806,35022.2421875,937.7391224406383
2022-03-16,35555.33816717645,35805.93682702501,35461.140039511025,35747.8359375,344.7967875139875
2022-03-17,36301.57959057054,36611.52521983307,36261.2284953775,36428.12890625,350.29672445556935
2022-03-21,36545.42747421494,36599.77449979954,35899.78262279536,36018.08203125,699.9918770041768
2022-03-22,35975.1840160894,36468.377510583116,35384.33931123565,36348.12890625,1084.0381993474657
2022-03-23,36627.27173762234,36827.17174831618,36064.329089041144,36146.9296875,762.8426592750329
2022-03-24,35633.28391387192,35957.28013770544,35421.286384696905,35526.6875,535.9937530085372
2022-03-25,35699.98491873274,35716.98472182124,35203.44379524983,35409.69140625,513.5409265714115
2022-03-28,35488.28772802542,35770.3860195637,35015.89476797541,35710.0859375,754.4912515882897
2022-03-29,35931.331047738815,35976.77973656604,35506.13678667037,35846.98046875,470.64294989566406
2022-03-30,36241.1299831637,36420.67867966226,36070.13196863262,36333.87890625,350.54671102964494
2022-03-31,36456.77637415228,36590.42716775107,36277.727669602005,36373.1796875,312.6994981490643
2022-04-01,36297.9278916015,37209.36647200313,36241.92854522817,37148.06640625,967.4379267749609
2022-04-04,37824.50942092961,38765.40082463055,37665.11283678531,38634.75,1100.287987845244
2022-04-05,38730.851682693545,38758.80057736577,37935.50934248227,38067.45703125,823.2912348835016
2022-04-06,37710.862368648515,37868.05975987952,37513.41544534375,37632.36328125,354.6443145357698
2022-04-07,37421.31407960242,37975.45606190973,37346.36573392472,37556.9140625,629.0903279850099
2022-04-08,37619.2632525424,37883.76018731157,37404.76573833451,37751.61328125,478.99444897706417
2022-04-11,37591.31275648078,37941.30868550159,37524.01275803101,37613.36328125,417.2959274705863
2022-04-12,37406.964878168925,37920.162055040666,37264.01731622934,37746.9609375,656.1447388113229
2022-04-13,37886.86228134054,37988.161890155905,37407.76626386453,37462.96484375,580.395626291378
2022-04-18,36832.72144890834,36965.42303554621,36440.929115817,36728.57421875,524.4939197292115
2022-04-19,36806.37350593983,37123.119828916795,35925.88372730932,36341.1796875,1197.236101607472
2022-04-20,36482.17773927052,36513.427376235115,36113.63123952391,36314.4765625,399.7961367112075
2022-04-21,36512.675411368786,36912.920739977344,36395.27443784316,36815.671875,517.6463021341842
2022-04-22,36513.72502568608,36578.52505551732,35991.08264872788,36044.33203125,587.4424067894361
2022-04-25,35791.93695303597,36269.72829335894,35510.98708252526,36081.93359375,758.7412108336794
2022-04-26,36514.92840638845,36604.126591458284,36265.47817216205,36404.37890625,338.6484192962307
2022-04-27,36067.13236355247,36175.47876286719,35746.73373677265,36028.43359375,428.74502609454066
2022-04-28,36189.53003388049,36500.67877358137,35950.685144181036,36421.77734375,549.9936294003346
2022-04-29,36473.62834302381,36718.37550835769,35978.53251473269,36087.73046875,739.8429936250031
2022-05-02,35627.18594204003,36234.827290903355,35617.783707974835,36163.328125,617.0435829285198
2022-05-04,36265.726631830694,36308.87847368281,35127.44299617636,35264.140625,1181.4354775064494
2022-05-05,35704.93590573501,35934.4332340563,35133.39177808001,35232.44140625,801.0414559762867
2022-05-06,34568.69947577647,34797.54447020999,34352.79964327097,34590.796875,444.74482693902246
2022-05-09,34091.35369733804,34553.949882283916,33926.804828923625,34275.0,627.1450533602911
2022-05-10,34180.80039231131,34781.39494698865,34176.402006132295,34482.24609375,604.9929408563548
2022-05-11,34685.898516913716,34792.795714690015,34142.803252876925,34692.74609375,649.9924618130899
2022-05-12,34288.70211954982,34340.79916890023,33297.26054425346,33531.7578125,1043.5386246467679
2022-05-13,33925.55310566718,34001.80221538634,33007.51304340762,33120.96484375,994.2891719787222
2022-05-16,33255.61334665584,33821.25520760244,33001.366302712275,33597.2109375,819.8889048901619
2022-05-17,33795.80665525528,34365.651598581346,33680.210341742655,34301.5,685.4412568386906
2022-05-18,34447.797463240786,34655.396604567155,34134.30111946535,34163.30078125,521.0954851018032
2022-05-19,33460.611594049624,33633.55880525336,33180.216411336434,33315.26171875,453.34239391692245
2022-05-20,33764.75594289894,34357.651394602566,33657.659531579106,34276.0,699.9918630234606
2022-05-23,34320.99914144521,34819.54412254227,34116.95464033193,34247.203125,702.5894822103364
2022-05-24,34222.80155917254,34586.04733835611,34115.40436959846,34289.75,470.64296875765285
2022-05-25,34491.40057662053,34722.19867991406,34285.40296681622,34339.1015625,436.7957130978393
2022-05-26,34670.20022405733,35221.64305936543,34424.351507475156,35094.4921875,797.2915518902737
2022-05-27,35326.19083334436,35694.43655183963,35291.538892484175,35612.88671875,402.8976593554544
2022-05-30,35958.381274277126,36083.278254671655,35748.03216580633,35826.53125,335.24608886532224
2022-05-31,35614.885226401544,35881.53055268113,35288.53747173052,35486.984375,592.9930809506113
2022-06-01,35358.53820005896,35768.283437052356,35285.03905443598,35620.38671875,483.2443826163726
2022-06-02,35470.53681534414,35675.78442900261,35384.58859588373,35613.234375,291.1958331188798
2022-06-03,35929.133014882944,35958.03111636997,35174.69256839707,35274.640625,783.338547972904
2022-06-06,35158.740035825824,35424.088516054864,35071.89338838092,35309.7890625,352.1951276739419
2022-06-07,35080.393546842715,35153.892693620204,34833.994063446815,34995.59375,319.8986301733894
2022-06-08,35165.239635806065,35449.48633139148,34831.34507988519,34945.7421875,618.1412515062912
2022-06-09,34801.847029128105,35148.69457547752,34658.700249125846,35085.04296875,489.99432635167614
2022-06-10,34686.544504742014,34752.04374051316,34346.247693990896,34483.3984375,405.7960465222641
2022-06-13,33728.25798193151,33773.65980008683,33209.967106931814,33405.46484375,563.6926931550188
2022-06-14,33180.216361655286,33617.758157078126,33123.513894934236,33310.96484375,494.2442621438895
2022-06-15,33317.41430840226,33554.16156219919,33249.165100074315,33338.61328125,304.9964621248728
2022-06-16,33648.40988993613,33756.10785756608,32537.57123197408,32616.720703125,1218.536625591998
2022-06-17,32393.072425857183,32889.41821491392,32290.17518524732,32742.669921875,599.2430296666025
2022-06-20,32873.01538049235,32925.71789136961,32426.022542258448,32684.419921875,499.6953491111635
2022-06-21,32977.666552320356,33593.40937818611,32797.16865533494,33191.36328125,796.2407228511656
2022-06-22,33051.2632200148,33106.56335673332,32757.76859386418,32844.91796875,348.79476286913996
2022-06-23,32927.01414166887,33431.35981787927,32651.769307215192,33134.61328125,779.5905106640748
2022-06-24,33434.41239410323,33721.50671535386,33390.46368587853,33627.05859375,331.0430294753314
2022-06-27,34125.80101247146,34147.10154517034,33735.10635264936,33810.85546875,411.9951925209825
2022-06-28,33577.80933976157,33744.9089620328,33502.91177191294,33642.05859375,241.99719011985871
2022-06-29,33273.164020046315,33422.41228521164,33184.8642651766,33269.51171875,237.548020035043
2022-06-30,33180.31532766437,33658.91135288283,33179.21768411394,33424.71484375,479.693668768894
2022-07-01,33264.36257434838,33666.10789527351,33080.06393960031,33539.05859375,586.0439556732017
2022-07-04,33558.461472188166,33978.10503166695,33515.21197492903,33940.50390625,462.89305673792114
2022-07-05,34084.30155139204,34360.64988968886,33756.6061559201,33815.50390625,604.0437337687617
2022-07-06,33929.00458345541,34388.10081668299,33875.7552015839,34323.8515625,512.3456150990896
2022-07-07,34626.99559501868,34965.343221260424,34552.69958436133,34919.89453125,412.6436368990908
2022-07-08,35258.48670658513,35261.689794181075,34977.34155215716,35123.640625,284.3482420239161
2022-07-11,35017.19277706553,35542.68664252929,35006.14212481918,35469.234375,536.5445177101137
2022-07-12,35298.287119265864,35419.2349259777,35047.09083317545,35131.83984375,372.14409280224936
2022-07-13,35259.38949217214,35307.73658446935,34757.19613134104,34827.39453125,550.5404531283057
2022-07-14,34817.544938824,35027.194848248146,34558.047951943474,34650.796875,469.1468963046718
2022-07-15,34734.04627407356,34899.544354154124,34463.498631407856,34682.24609375,436.04572274626844
2022-07-18,34841.44740161468,35382.08956766407,34803.99471106599,35358.2890625,578.0948565980798
2022-07-19,35112.84297488848,35761.23389629566,35110.09300676588,35719.9375,651.1408895297791
2022-07-20,36060.8817760722,36182.278803013716,35876.13392272817,35971.68359375,306.1448802855448
2022-07-21,36026.130939226,36331.27582062266,35886.93334265965,36200.578125,444.3424779630077
2022-07-22,36322.47747801615,36823.0224581983,36285.93102657138,36738.5234375,537.0914316269191
2022-07-25,36766.27297027975,37010.77013571061,36464.22569080408,36725.97265625,546.5444449065326
2022-07-26,36688.125661226906,36695.32479655764,36333.680549574536,36408.078125,361.64424698310177
2022-07-27,36370.12978288592,36807.87471581847,36248.1819757291,36783.32421875,559.6927400893692
2022-07-28,37102.01882316425,37413.96442324299,37028.07046223949,37377.71484375,385.8939610035013
2022-07-29,37716.860645117995,37754.20786554537,37220.714091140035,37490.9609375,533.4937744053386
2022-08-01,37593.71063033792,37939.15973232214,37406.76358872746,37902.7578125,532.396143594684
2022-08-02,37767.260787798936,38179.4083470281,37631.86392208824,38023.55859375,547.544424939857
2022-08-03,37954.10977817859,38068.159234245075,37692.51125529018,37988.80859375,375.64797895489755
2022-08-04,38110.60916182261,38231.40854326938,37249.068363964696,37755.11328125,982.3401793046869
2022-08-05,37867.80920313661,38150.00513700995,37779.45866907314,37920.16015625,370.54646793681604
2022-08-08,37846.91079248344,38301.90549355632,37681.01038083108,38236.953125,620.8951127252367
2022-08-10,38298.40612206288,38402.50256758975,38154.85701040139,38287.40625,247.64555718835618
2022-08-11,38712.498038912374,38931.64782855268,38648.44800414183,38879.3984375,283.1998244108545
2022-08-12,38941.997252627385,39088.44477168754,38739.499602842676,39041.84765625,348.94516884486075
2022-08-16,39283.64401349645,39444.14214412405,39119.44280099981,39239.19140625,324.6993431242445
2022-08-17,39350.84502859512,39504.0424730467,39202.346748468866,39461.2421875,301.69572457783215
2022-08-18,39323.9413560481,39703.23772855038,39290.69174252466,39655.6875,412.54598602572514
2022-08-19,39732.18663378138,39758.68632577778,38847.946911222076,38985.49609375,910.7394145557046
2022-08-22,38693.19852163497,38732.4011907951,38246.805274695886,38297.3046875,485.59591609921335
2022-08-23,37955.008615763974,38869.447219198795,37950.411012885525,38697.19921875,919.0362063132707
2022-08-24,38552.251732503515,39120.34670097401,38551.75173830708,39038.046875,568.5949626669317
2022-08-25,39189.59487239689,39471.29081406086,38803.247804432984,38950.296875,668.0430096278797
2022-08-26,39129.1936563052,39336.64437019792,38846.34928742936,38986.6953125,490.2950827685636
2022-08-29,38111.15817075209,38396.65484923479,37943.410122361645,38276.25390625,453.2447268731412
2022-08-30,38516.50017055356,39606.08902998059,38472.25068644028,39536.2890625,1133.8383435403084
2022-09-01,38806.24793859346,39667.18714543041,38802.84954061363,39300.79296875,864.3376048167847
2022-09-02,39421.84373491926,39595.39250409117,39199.994744477226,39420.54296875,395.3977596139448
2022-09-05,39411.59440265754,39864.73759284759,39406.94211278015,39805.2890625,457.79548006744153
2022-09-06,39892.485649837174,40073.28433012389,39563.841031337826,39666.0390625,509.4432987860637
2022-09-07,39337.29433730401,39571.592404567426,39257.79525817987,39455.44140625,313.7971463875583
2022-09-08,39763.43487583637,40265.28058782487,39705.935546162895,40208.48046875,559.3450416619744
2022-09-09,40520.28003159838,40685.47733433219,40279.83360163029,40415.23046875,405.6437327018939
2022-09-12,40539.97695334109,40684.42448936752,40377.4280656841,40573.52734375,306.9964236834203
2022-09-13,40801.62582782897,40903.82385498074,40693.474745088024,40872.625,210.34910989271884
2022-09-14,40308.33303743262,41626.41539846129,40288.43092462966,41404.91796875,1337.9844738316315
2022-09-15,41533.214966570275,41839.66061234929,41153.02018066165,41208.71875,686.640431687636
2022-09-16,40976.724239621006,41162.02287299352,40501.58130971048,40776.328125,660.4415632830423
2022-09-19,40685.127549124045,41183.77017704965,40509.426471178245,40903.921875,674.3437058714044
2022-09-20,41303.66987068642,41677.16554316215,41206.823336553105,41467.8203125,470.3422066090425
2022-09-21,41282.1201707635,41501.215272140566,40888.67163377578,41202.96875,612.543638364783
2022-09-22,40888.5751184573,41158.72041331745,40359.72970809354,40630.12890625,798.9907052239141
2022-09-23,40428.88033187166,40527.92605241533,39412.23983787201,39545.7890625,1115.6862145433188
2022-09-26,39027.397555632575,39228.942086059105,38491.75144306961,38615.80078125,737.1906429894952
2022-09-27,38811.24865257446,39050.04666157906,38184.45514787345,38358.703125,865.5915137056072
2022-09-28,38080.80877615548,38368.35622573277,37625.76326729688,37759.4140625,742.5929584358892
2022-09-29,38092.40889002798,38282.95355070553,37536.21222859797,37647.3125,746.7413221075622
2022-09-30,37659.56208323766,38810.54869921765,37385.91682776734,38631.5,1424.631871450314
2022-10-03,38444.45221148561,38641.1530533725,37962.80936442989,38029.20703125,678.3436889426084
2022-10-04,38699.950058689654,39177.04609354033,38596.45125782994,39109.59765625,580.5948357103916
2022-10-06,39343.24147957582,39607.8907442624,39232.44198742317,39282.39453125,375.44875683922874
2022-10-07,39093.043955076486,39234.59308506694,38807.04729140729,39177.59375,427.54579365965037
2022-10-10,38641.102890138834,39315.243513638445,38517.854318719685,39092.6484375,797.38919491876
2022-10-11,39058.39832410177,39174.4946331561,38622.30182211855,38712.0,552.192811037552
2022-10-12,38783.749966670875,39163.647909868036,38605.95124495471,39118.09765625,557.6966649133246
2022-10-13,38957.195338231824,39060.84647644702,38437.50216387478,38623.55078125,623.3443125722406
2022-10-14,39445.59211690753,39570.3914470194,39195.84502090976,39305.14453125,374.5464261096422
2022-10-17,39295.14399463325,39974.23374329936,39146.24338473958,39919.984375,827.9903585597785
2022-10-18,40251.582806702085,40434.88145687805,40139.38489239193,40318.28125,295.4965644861222
2022-10-19,40556.17755757661,40643.12967301388,40194.732535405645,40372.73046875,448.3971376082336
2022-10-20,40149.0345772265,40207.88545750487,39848.389624916344,40099.0859375,359.4958325885236
2022-10-21,40370.28213359293,41031.77446730909,40354.9815296674,40783.578125,676.7929376416942
2022-10-24,41347.87058829255,41426.768108026496,41200.66917559555,41304.41796875,226.09893243094848
2022-10-25,41513.16734496403,41530.16714795477,41020.97383020246,41122.2734375,509.19331775230967
2022-10-27,41440.21710499562,41511.31784031264,41178.16937239799,41298.8203125,333.14846791464515
2022-10-28,41236.32135932722,41481.91616024174,40838.82598068995,40990.375,643.0901795517857
2022-10-31,41265.21924083606,41353.218217272726,41105.62344093047,41307.41796875,247.59477634225914
2022-11-01,41551.91491010484,41676.76501976088,41188.071487793575,41289.0703125,488.6935319673066
2022-11-02,41472.12122479492,41473.82042386448,41059.973654613575,41146.171875,413.8467692509075
2022-11-03,40873.2236904437,41477.51744120386,40818.673543842415,41297.87109375,658.8438973614466
2022-11-04,41314.37043692542,41515.71574841311,41050.670382838485,41257.96875,465.04536557462416
2022-11-07,41740.16343564171,41778.912985389434,41336.57046895981,41686.21484375,442.34251642962045
2022-11-09,41914.36566130992,41948.412141618865,41667.415399133315,41782.71484375,280.9967424855495
2022-11-10,41462.36882792137,41643.41359506859,41318.12050736358,41603.265625,325.2930877050094
2022-11-11,42162.90985093517,42345.009303254774,41917.615818418504,42136.5625,427.39348483626964
2022-11-14,42177.06133025349,42230.959142287014,41964.96222909416,42076.26171875,265.99691319285193
2022-11-15,42234.360976193566,42449.5576952594,42079.06199886696,42372.20703125,370.49569639244146
2022-11-16,42371.30659441794,42611.2530146146,42295.80747498249,42534.8046875,315.44553963211365
2022-11-17,42399.156927018914,42622.255903253215,42366.05965444769,42457.55859375,256.19624880552874
2022-11-18,42545.25655643274,42590.25603452489,42223.20951031225,42436.95703125,367.0465242126447
2022-11-21,42286.457723989864,42386.30812593039,42202.060267440036,42346.05859375,184.24785849035106
2022-11-22,42466.90613004378,42508.25721317177,42346.65752405363,42456.55859375,161.59968911813485
2022-11-23,42668.05539050716,42860.05316134725,42555.904348869175,42728.60546875,304.1488124780735
2022-11-24,42837.854314034324,43162.89741603527,42769.15198650954,43074.8984375,393.7454295257339
2022-11-25,43191.94679342608,43338.64430573424,42864.45060298763,42983.44921875,474.19370274661196
2022-11-28,42756.70227834148,43159.299161653216,42739.503259487334,43019.94921875,419.7959021658826
2022-11-29,42958.899529756054,43279.09893608623,42958.899529756054,43052.94921875,320.1994063301754
2022-11-30,43122.247355526306,43331.795694224704,42879.55096571048,43230.49609375,452.24472851422615
2022-12-01,43511.59472728786,43514.543911684945,43101.34950593882,43260.14453125,413.19440574612236
2022-12-02,42976.20069252874,43131.39811098041,42937.30270624746,43103.25,194.09540473295056
2022-12-05,43268.84839580863,43371.6440754137,42984.50013995016,43332.4453125,387.14393546353676
2022-12-06,43093.39895504571,43306.349611799546,43075.89915788053,43138.05078125,230.45045391901658
2022-12-07,43156.85088205784,43326.84890984055,42947.95096184205,43098.19921875,378.89794799849915
2022-12-08,43141.74748266118,43640.390111945664,43094.79881077177,43596.34375,545.5913011738958
2022-12-09,43764.79143424212,43852.88806519864,43361.19456891647,43632.94140625,491.6934962821688
2022-12-12,43455.346688198595,43766.542291405865,43378.29680213205,43708.2421875,388.24548927381693
2022-12-13,43793.189279821374,43983.288628756665,43767.240363227094,43946.0390625,216.04826552957093
2022-12-14,44078.08950104827,44151.287869442385,43987.43821040724,44048.58984375,163.8496590351424
2022-12-15,43939.59253701847,44120.090446010574,43378.599035940526,43497.6953125,741.491410070048
2022-12-16,43261.24560114738,43597.690897157314,43080.04849504141,43218.99609375,517.6424021159037
2022-12-19,43345.84843854809,43450.94487492269,43109.80039715503,43413.24609375,341.1444777676588
2022-12-20,43152.14693519366,43425.694537349154,42954.89922755192,43358.99609375,470.79530979723495
2022-12-21,43525.2433390054,43614.140741684154,42363.30764591198,42617.453125,1250.8330957721773
2022-12-22,42863.50252955492,42933.00172295274,42230.8614344378,42408.30859375,702.1402885149364
2022-12-23,41950.86389423782,42226.15756901795,41597.16488090006,41667.56640625,628.9926881178908
2022-12-27,42827.250370396294,42926.69842896922,42393.65386630298,42859.0,533.0445626662404
2022-12-28,42733.106558728214,43034.450724324,42694.35700758802,42827.203125,340.0937167359807
2022-12-29,42684.40114229347,43497.5440125112,42489.305759004936,43251.84765625,1008.2382535062643
2022-12-30,43401.194388739525,43422.44414156861,42832.60334617438,42985.94921875,589.8407953942296
2023-01-02,43038.25,43382.75,42961.75,43203.1015625,421.0
2023-01-03,43151.44921875,43482.80078125,43148.44921875,43425.25,334.3515625
2023-01-04,43417.5,43578.3984375,42858.6484375,42958.80078125,719.75
2023-01-05,43073.05078125,43137.55078125,42298.6015625,42608.69921875,838.94921875
2023-01-06,42649.69921875,42685.8984375,41877.0,42188.80078125,808.8984375
2023-01-09,42404.8515625,42716.80078125,42186.55078125,42582.75,530.25
2023-01-10,42642.0,42674.25,41835.75,42014.75,838.5
2023-01-11,42071.8515625,42318.0,41729.0,42232.69921875,589.0
2023-01-12,42238.5,42343.5,41742.94921875,42082.25,600.55078125
2023-01-13,42171.25,42453.94921875,41885.6015625,42371.25,568.34765625
2023-01-16,42622.5,42715.6484375,42066.55078125,42167.55078125,649.09765625
2023-01-17,42241.19921875,42383.80078125,41861.1015625,42235.05078125,522.69921875
2023-01-18,42271.80078125,42555.8984375,42119.6484375,42458.0,436.25
2023-01-19,42416.30078125,42506.25,42234.8984375,42328.8515625,271.3515625
2023-01-20,42516.05078125,42709.19921875,42366.1484375,42506.80078125,343.05078125
2023-01-23,42891.44921875,43005.8515625,42727.69921875,42821.25,278.15234375
2023-01-24,42994.44921875,43078.8984375,42615.6484375,42733.44921875,463.25
2023-01-25,42703.6015625,42733.05078125,41540.30078125,41647.6484375,1192.75
2023-01-27,41382.3515625,41417.8984375,40148.80078125,40345.30078125,1269.09765625
2023-01-30,39856.1484375,40789.55078125,39419.80078125,40387.44921875,1369.75
2023-01-31,40563.8515625,40811.6484375,40167.69921875,40655.05078125,643.94921875
2023-02-01,41115.0,42015.6484375,39490.5,40513.0,2525.1484375
2023-02-02,39943.3515625,40757.6015625,39761.44921875,40669.30078125,996.15234375
2023-02-03,41019.3515625,41539.94921875,40609.75,41499.69921875,930.19921875
2023-02-06,41530.1484375,41724.5,41261.19921875,41374.6484375,463.30078125
2023-02-07,41513.1015625,41630.75,41095.1015625,41490.94921875,535.6484375
2023-02-08,41542.05078125,41791.94921875,41403.05078125,41537.6484375,388.8984375
2023-02-09,41634.0,41634.0,41252.94921875,41554.30078125,381.05078125
2023-02-10,41452.3984375,41678.8984375,41424.8984375,41559.3984375,254.0
2023-02-13,41563.5,41662.55078125,41157.8984375,41282.19921875,504.65234375
2023-02-14,41410.44921875,41718.0,41195.75,41648.3515625,522.25
2023-02-15,41674.6015625,41795.44921875,41455.6015625,41731.05078125,339.84765625
2023-02-16,41925.69921875,41979.1015625,41521.94921875,41631.3515625,457.15234375
2023-02-17,41514.0,41516.30078125,40882.69921875,41131.75,633.6015625
2023-02-20,41221.55078125,41292.6015625,40580.1015625,40701.69921875,712.5
2023-02-21,40784.8984375,40946.19921875,40508.25,40673.6015625,437.94921875
2023-02-22,40494.1484375,40529.25,39899.0,39995.8984375,630.25
2023-02-23,39983.69921875,40147.80078125,39600.25,40001.55078125,547.55078125
2023-02-24,40259.1015625,40348.1015625,39818.8984375,39909.3984375,529.203125
2023-02-27,39820.3984375,40371.44921875,39745.3984375,40307.1015625,626.05078125
2023-02-28,40302.69921875,40391.44921875,40073.0,40269.05078125,318.44921875
2023-03-01,40473.8515625,40725.3515625,40341.94921875,40698.1484375,383.40234375
2023-03-02,40604.55078125,40773.25,40312.8984375,40389.80078125,460.3515625
2023-03-03,40671.3984375,41390.1484375,40605.3515625,41251.3515625,784.796875
2023-03-06,41418.3984375,41671.19921875,41259.1484375,41350.3984375,412.05078125
2023-03-08,41178.3515625,41625.3515625,41100.3515625,41577.1015625,525.0
2023-03-09,41532.6484375,41659.0,41208.1015625,41256.75,450.8984375
2023-03-10,40805.25,40839.0,40341.69921875,40485.44921875,497.30078125
2023-03-13,40356.1015625,40690.05078125,39454.6015625,39564.69921875,1235.44921875
2023-03-14,39522.3984375,39768.5,39132.6015625,39411.3984375,635.8984375
2023-03-15,39777.8984375,39914.1015625,38934.6484375,39051.5,979.453125
2023-03-16,39061.69921875,39381.3984375,38613.1484375,39132.6015625,768.25
2023-03-17,39442.3984375,39705.1484375,38926.80078125,39598.1015625,778.34765625
2023-03-20,39512.1015625,39512.1015625,38941.8984375,39361.94921875,570.203125
2023-03-21,39599.6484375,39970.8984375,39366.30078125,39894.69921875,604.59765625
2023-03-22,40036.0,40085.6015625,39837.80078125,39999.05078125,247.80078125
2023-03-23,39836.1484375,40201.6015625,39552.5,39616.8984375,649.1015625
2023-03-24,39555.25,39767.8984375,39294.8984375,39395.3515625,473.0
2023-03-27,39484.69921875,39695.19921875,39273.75,39431.30078125,421.44921875
2023-03-28,39545.05078125,39645.19921875,39326.1015625,39567.8984375,319.09765625
2023-03-29,39611.55078125,40055.0,39609.55078125,39910.1484375,445.44921875
2023-03-31,40231.25,40690.3984375,40180.19921875,40608.6484375,510.19921875
2023-04-03,40695.80078125,40857.6015625,40535.8984375,40813.05078125,321.703125
2023-04-05,40972.30078125,41071.1484375,40802.6484375,40999.1484375,268.5
2023-04-06,40940.69921875,41274.69921875,40820.55078125,41041.0,454.1484375
2023-04-10,41116.1484375,41139.8515625,40727.25,40834.6484375,412.6015625
2023-04-11,41232.0,41403.25,40990.19921875,41366.5,413.05078125
2023-04-12,41426.0,41610.1484375,41332.0,41557.94921875,278.1484375
2023-04-13,41680.1015625,42196.19921875,41502.6484375,42132.55078125,693.55078125
2023-04-17,42603.55078125,42603.55078125,41799.0,42262.55078125,804.55078125
2023-04-18,42406.94921875,42500.69921875,42114.3515625,42265.19921875,386.34765625
2023-04-19,42280.1015625,42339.8984375,42022.1484375,42154.0,317.75
2023-04-20,42218.5,42378.1484375,42108.8515625,42269.5,269.296875
2023-04-21,42252.55078125,42382.1484375,41962.3515625,42118.0,419.796875
2023-04-24,42469.94921875,42714.1484375,42269.1015625,42635.75,445.046875
2023-04-25,42731.6015625,42865.55078125,42601.5,42678.5,264.05078125
2023-04-26,42559.05078125,42875.6015625,42432.25,42829.8984375,443.3515625
2023-04-27,42753.8984375,43043.3984375,42736.6015625,43000.8515625,306.796875
2023-04-28,43045.5,43302.05078125,42810.3515625,43233.8984375,491.69921875
2023-05-02,43395.05078125,43483.8515625,43269.3984375,43352.1015625,214.453125
2023-05-03,43154.8515625,43354.94921875,43078.1484375,43312.69921875,276.80078125
2023-05-04,43236.1015625,43739.80078125,43213.94921875,43685.44921875,525.8515625
2023-05-05,43110.6484375,43588.0,42582.19921875,42661.19921875,1005.80078125
2023-05-08,42796.8515625,43418.55078125,42780.30078125,43284.0,638.25
2023-05-09,43438.55078125,43533.25,43125.8515625,43198.1484375,407.3984375
2023-05-10,43275.25,43383.6484375,42822.1484375,43331.05078125,561.5
2023-05-11,43535.1015625,43774.25,43367.25,43475.30078125,407.0
2023-05-12,43447.1484375,43905.94921875,43347.75,43793.55078125,558.19921875
2023-05-15,43821.05078125,44151.69921875,43666.6015625,44072.1015625,485.09765625
2023-05-16,44144.1484375,44144.1484375,43815.69921875,43903.69921875,328.44921875
2023-05-17,43948.5,43992.75,43446.3984375,43698.69921875,546.3515625
2023-05-18,44006.8984375,44079.19921875,43673.69921875,43752.30078125,405.5
2023-05-19,43930.0,44020.8984375,43531.8984375,43969.3984375,489.0
2023-05-22,43935.30078125,44026.75,43684.8984375,43885.1015625,341.8515625
2023-05-23,43978.8984375,44095.25,43852.19921875,43954.44921875,243.05078125
2023-05-24,43751.94921875,44010.44921875,43639.80078125,43677.8515625,370.6484375
2023-05-25,43630.25,43719.8515625,43390.30078125,43681.3984375,329.55078125
2023-05-26,43765.3515625,44067.6015625,43588.80078125,44018.0,478.80078125
2023-05-29,44276.80078125,44483.3515625,44193.94921875,44311.8984375,289.40234375
2023-05-30,44277.3515625,44498.6015625,44207.5,44436.3515625,291.1015625
2023-05-31,44318.0,44339.05078125,43822.69921875,44128.1484375,516.3515625
2023-06-01,44172.05078125,44179.94921875,43706.1484375,43790.19921875,473.80078125
2023-06-02,43997.30078125,44088.8984375,43812.55078125,43937.8515625,276.34765625
2023-06-05,44103.25,44266.1484375,44074.19921875,44101.6484375,191.94921875
2023-06-06,44156.69921875,44236.19921875,44009.69921875,44164.55078125,226.5
2023-06-07,44318.69921875,44346.30078125,44143.5,44275.30078125,202.80078125
2023-06-08,44208.30078125,44459.25,43917.8984375,43995.25,541.3515625
2023-06-09,44045.75,44220.1015625,43932.6015625,43989.0,287.5
2023-06-12,44035.19921875,44124.94921875,43874.05078125,43944.19921875,250.8984375
2023-06-13,43889.69921875,44138.1484375,43889.69921875,44079.8515625,248.44921875
2023-06-14,44181.6484375,44212.3515625,43956.1484375,43988.0,256.203125
2023-06-15,44054.3515625,44077.44921875,43397.5,43443.6015625,679.94921875
2023-06-16,43583.3515625,44083.25,43536.94921875,43938.1484375,546.30078125
2023-06-19,44015.30078125,44040.3515625,43501.3984375,43633.75,538.953125
2023-06-20,43597.55078125,43823.94921875,43345.94921875,43766.5,478.0
2023-06-21,43894.3984375,43946.69921875,43698.94921875,43859.19921875,247.75
2023-06-22,43874.80078125,44042.1484375,43663.3515625,43724.8515625,378.796875
2023-06-23,43641.6015625,43824.1015625,43519.55078125,43622.8984375,304.55078125
2023-06-26,43714.75,43773.1015625,43541.75,43641.05078125,231.3515625
2023-06-27,43804.55078125,44194.6484375,43693.1484375,44121.5,501.5
2023-06-28,44419.5,44508.3984375,44163.19921875,44327.80078125,345.19921875
2023-06-30,44666.0,44787.1015625,44447.19921875,44747.3515625,339.90234375
2023-07-03,44957.94921875,45353.19921875,44882.1015625,45158.1015625,471.09765625
2023-07-04,45310.55078125,45655.5,45000.25,45301.44921875,655.25
2023-07-05,45169.69921875,45418.8984375,45073.3984375,45151.80078125,345.5
2023-07-06,45060.55078125,45417.5,45042.6015625,45339.8984375,374.8984375
2023-07-07,45118.05078125,45227.25,44844.80078125,44925.0,382.44921875
2023-07-10,44958.6484375,45184.30078125,44721.8984375,44860.8515625,462.40234375
2023-07-11,44998.0,45139.55078125,44663.05078125,44745.05078125,476.5
2023-07-12,44872.6015625,44937.25,44562.3984375,44639.44921875,374.8515625
2023-07-13,45009.30078125,45085.1484375,44612.19921875,44665.05078125,472.94921875
2023-07-14,44860.6484375,44923.8515625,44547.80078125,44819.30078125,376.05078125
2023-07-17,44951.19921875,45556.44921875,44695.05078125,45449.75,861.3984375
2023-07-18,45754.80078125,45905.8515625,45281.30078125,45410.8515625,624.55078125
2023-07-19,45622.5,45707.3984375,45433.0,45669.30078125,274.3984375
2023-07-20,45689.05078125,46256.19921875,45640.94921875,46186.8984375,615.25
2023-07-21,46063.94921875,46369.5,45925.8984375,46075.19921875,443.6015625
2023-07-24,46131.8984375,46191.5,45858.75,45923.05078125,332.75
2023-07-25,46154.69921875,46156.1015625,45622.8515625,45845.0,533.25
2023-07-26,45935.1484375,46096.6015625,45804.69921875,46062.3515625,291.90234375
2023-07-27,46285.8515625,46310.1015625,45570.6484375,45679.30078125,739.453125
2023-07-28,45560.8984375,45727.75,45238.80078125,45468.1015625,488.94921875
2023-07-31,45546.3515625,45694.8984375,45359.75,45651.1015625,335.1484375
2023-08-01,45740.0,45782.75,45471.05078125,45592.5,311.69921875
2023-08-02,45234.6484375,45404.8984375,44720.8984375,44995.69921875,684.0
2023-08-03,44862.8515625,45038.44921875,44279.3984375,44513.44921875,759.05078125
2023-08-04,44754.75,45118.05078125,44520.55078125,44879.5,597.5
2023-08-07,44993.69921875,45011.3515625,44773.8515625,44837.5,237.5
2023-08-08,44888.94921875,45096.8515625,44817.8515625,44964.44921875,279.0
2023-08-09,44973.44921875,44975.0,44533.75,44880.69921875,441.25
2023-08-10,44797.6484375,44980.3515625,44418.3984375,44541.80078125,561.953125
2023-08-11,44568.1484375,44571.25,44120.8984375,44199.1015625,450.3515625
2023-08-14,44066.6015625,44212.75,43776.8984375,44090.94921875,435.8515625
2023-08-16,43726.25,44002.80078125,43600.3515625,43946.3984375,402.44921875
2023-08-17,43897.25,44071.8515625,43745.1015625,43891.3515625,326.75
2023-08-18,43724.75,43957.6484375,43672.44921875,43851.05078125,285.19921875
2023-08-21,43952.8515625,44113.80078125,43862.0,44002.0,251.80078125
2023-08-22,44125.0,44151.30078125,43938.69921875,43993.25,212.6015625
2023-08-23,44064.5,44521.6484375,43952.05078125,44479.05078125,569.59765625
2023-08-24,44704.19921875,44949.8984375,44433.75,44496.19921875,516.1484375
2023-08-25,44276.19921875,44359.1015625,43983.75,44231.44921875,375.3515625
2023-08-28,44253.6484375,44610.3984375,44201.44921875,44494.6484375,408.94921875
2023-08-29,44655.75,44673.0,44429.80078125,44495.25,243.19921875
2023-08-30,44706.55078125,44779.6484375,44149.80078125,44232.6015625,629.84765625
2023-08-31,44265.8515625,44399.6484375,43895.05078125,43989.1484375,504.59765625
2023-09-01,43996.1015625,44568.55078125,43830.75,44436.1015625,737.80078125
2023-09-04,44647.6484375,44656.05078125,44310.94921875,44578.30078125,345.1015625
2023-09-05,44625.05078125,44668.69921875,44401.69921875,44532.1484375,267.0
2023-09-06,44494.6484375,44577.0,44207.25,44409.1015625,369.75
2023-09-07,44418.05078125,44915.55078125,44341.19921875,44878.3515625,574.3515625
2023-09-08,44953.6484375,45383.3515625,44812.1484375,45156.3984375,571.203125
2023-09-11,45340.80078125,45636.19921875,45231.30078125,45570.69921875,404.8984375
2023-09-12,45893.80078125,45893.80078125,45322.55078125,45511.3515625,571.25
2023-09-13,45449.3515625,45990.5,45299.3984375,45909.44921875,691.1015625
2023-09-14,46013.30078125,46153.8984375,45801.5,46000.8515625,352.3984375
2023-09-15,46122.1484375,46310.3984375,46028.75,46231.5,281.6484375
2023-09-18,46100.94921875,46252.94921875,45906.8984375,45979.8515625,346.05078125
2023-09-20,45493.69921875,45745.1484375,45276.3984375,45384.6015625,468.75
2023-09-21,45179.6015625,45276.80078125,44592.44921875,44623.8515625,684.3515625
2023-09-22,44707.3515625,44996.75,44548.8984375,44612.05078125,447.8515625
2023-09-25,44615.0,44936.55078125,44400.8984375,44766.1015625,535.65234375
2023-09-26,44722.5,44773.80078125,44532.44921875,44624.19921875,241.3515625
2023-09-27,44465.8984375,44668.0,44182.5,44588.30078125,485.5
2023-09-28,44700.3515625,44756.80078125,44248.19921875,44300.94921875,508.6015625
2023-09-29,44445.3515625,44755.05078125,44344.8984375,44584.55078125,410.15234375
2023-10-03,44561.5,44566.30078125,44243.1015625,44399.05078125,323.19921875
2023-10-04,44108.1484375,44161.3515625,43857.5,43964.05078125,303.8515625
2023-10-05,44181.3515625,44391.8515625,44108.30078125,44213.3515625,283.55078125
2023-10-06,44395.3984375,44500.69921875,44242.94921875,44360.6015625,257.75
2023-10-09,44057.80078125,44113.19921875,43796.75,43886.5,316.44921875
2023-10-10,44027.55078125,44487.25,44004.55078125,44360.1484375,482.69921875
2023-10-11,44554.8984375,44710.55078125,44411.3984375,44516.8984375,299.15234375
2023-10-12,44571.55078125,44693.05078125,44530.05078125,44599.19921875,163.0
2023-10-13,44322.05078125,44563.05078125,44203.69921875,44287.94921875,359.3515625
2023-10-16,44204.75,44356.94921875,44044.3984375,44225.8984375,312.55078125
2023-10-17,44589.80078125,44589.8515625,44336.94921875,44409.5,252.90234375
2023-10-18,44404.19921875,44412.5,43861.44921875,43888.69921875,551.05078125
2023-10-19,43616.75,44058.80078125,43558.1015625,43754.5,500.69921875
2023-10-20,43584.25,43877.5,43567.44921875,43723.05078125,310.05078125
2023-10-23,43822.69921875,43831.30078125,43029.44921875,43151.19921875,801.8515625
2023-10-25,43308.30078125,43397.44921875,42758.3984375,42832.0,639.05078125
2023-10-26,42708.3984375,42716.19921875,42105.3984375,42280.1484375,610.80078125
2023-10-27,42555.6015625,42840.1484375,42482.75,42782.0,357.3984375
2023-10-30,42721.3984375,43112.5,42390.5,43039.1484375,722.0
2023-10-31,43356.8515625,43356.8515625,42797.1484375,42845.94921875,559.703125
2023-11-01,42694.25,42815.1484375,42589.6484375,42700.94921875,225.5
2023-11-02,43018.69921875,43271.5,42796.44921875,43017.19921875,475.05078125
2023-11-03,43318.30078125,43416.1015625,43221.0,43318.25,195.1015625
2023-11-06,43627.75,43648.69921875,43415.19921875,43619.3984375,233.5
2023-11-07,43598.8515625,43799.3515625,43283.8515625,43737.8984375,515.5
2023-11-08,43791.80078125,43797.55078125,43547.75,43658.6484375,249.80078125
2023-11-09,43626.1015625,43876.75,43542.6484375,43683.6015625,334.1015625
2023-11-10,43543.25,43908.69921875,43504.94921875,43820.1015625,403.75
2023-11-13,43915.1015625,43970.75,43681.3984375,43891.25,289.3515625
2023-11-15,44398.44921875,44408.55078125,44164.55078125,44201.69921875,244.0
2023-11-16,44251.69921875,44420.94921875,44064.1484375,44161.55078125,356.80078125
2023-11-17,43656.25,43872.8515625,43513.8515625,43583.94921875,359.0
2023-11-20,43591.5,43724.0,43450.05078125,43584.94921875,273.94921875
2023-11-21,43790.94921875,43790.94921875,43586.44921875,43689.1484375,204.5
2023-11-22,43663.6015625,43692.5,43230.94921875,43449.6015625,461.55078125
2023-11-23,43452.75,43649.6484375,43451.3515625,43577.5,198.296875
2023-11-24,43607.3515625,43806.5,43566.1484375,43769.1015625,240.3515625
2023-11-28,43851.55078125,43960.30078125,43739.80078125,43880.94921875,220.5
2023-11-29,44081.75,44630.3515625,44003.44921875,44566.44921875,626.90234375
2023-11-30,44711.19921875,44764.80078125,44254.6015625,44481.75,510.19921875
2023-12-01,44580.1484375,44951.1015625,44531.75,44814.19921875,419.3515625
2023-12-04,45671.5,46484.44921875,45484.19921875,46431.3984375,1000.25
2023-12-05,46895.8984375,47230.55078125,46653.6484375,47012.25,576.90234375
2023-12-06,47256.75,47259.8515625,46750.19921875,46834.55078125,509.65234375
2023-12-07,46735.3984375,46927.69921875,46507.1484375,46841.3984375,420.55078125
2023-12-08,46797.19921875,47303.6484375,46793.8984375,47262.0,509.75
2023-12-11,47233.30078125,47588.0,47186.6015625,47314.25,401.3984375
2023-12-12,47421.69921875,47454.0,47004.05078125,47097.55078125,449.94921875
2023-12-13,47190.75,47201.94921875,46886.8984375,47092.25,315.05078125
2023-12-14,47567.6484375,47943.6015625,47510.8515625,47732.30078125,432.75
2023-12-15,47939.8984375,48219.94921875,47632.8515625,48143.55078125,587.09765625
2023-12-18,48068.5,48076.6015625,47806.69921875,47867.69921875,269.90234375
2023-12-19,47940.3984375,48017.0,47646.05078125,47870.8984375,370.94921875
2023-12-20,48085.3515625,48166.1484375,47202.6484375,47445.30078125,963.5
2023-12-21,47172.44921875,47932.3984375,46919.69921875,47840.1484375,1012.69921875
2023-12-22,47837.75,48071.3984375,47415.8515625,47491.8515625,655.546875
2023-12-26,47576.3984375,47838.44921875,47411.6484375,47724.8515625,426.80078125
2023-12-27,47818.5,48347.6484375,47806.69921875,48282.19921875,540.94921875
2023-12-28,48479.05078125,48636.44921875,48343.1484375,48508.55078125,293.30078125
2023-12-29,48374.8515625,48477.69921875,48091.8515625,48292.25,385.84765625
2024-01-02,48194.80078125,48223.55078125,47689.80078125,47761.6484375,533.75
2024-01-03,47796.30078125,47798.75,47481.3515625,47704.94921875,317.3984375
2024-01-04,47805.3984375,48281.19921875,47738.1484375,48195.8515625,543.05078125
2024-01-05,48245.55078125,48381.94921875,47822.8515625,48159.0,559.09765625
2024-01-08,48096.6484375,48154.5,47387.3515625,47450.25,767.1484375
2024-01-09,47705.3984375,47939.30078125,47156.05078125,47242.6484375,783.25
2024-01-10,47073.8515625,47423.44921875,47010.80078125,47360.8515625,412.6484375
2024-01-11,47538.6015625,47662.1015625,47237.0,47438.3515625,425.1015625
2024-01-12,47572.69921875,47873.69921875,47408.5,47709.80078125,465.19921875
2024-01-15,47891.05078125,48248.05078125,47825.3984375,48158.30078125,422.65234375
2024-01-16,48109.94921875,48305.3984375,48002.8515625,48125.1015625,302.546875
2024-01-17,46573.94921875,47212.75,45979.6015625,46064.44921875,1233.1484375
2024-01-18,45492.75,46184.05078125,45430.69921875,45713.55078125,753.3515625
2024-01-19,46103.5,46249.8515625,45558.05078125,45701.1484375,691.80078125
2024-01-23,46495.44921875,46580.30078125,44886.1015625,45015.05078125,1694.19921875
2024-01-24,44489.3984375,45485.5,44489.3984375,45082.3984375,996.1015625
2024-01-25,45057.94921875,45139.05078125,44429.0,44866.1484375,710.05078125
2024-01-29,45171.5,45660.3515625,45110.8984375,45442.3515625,549.453125
2024-01-30,45481.5,45678.69921875,45206.05078125,45367.75,472.6484375
2024-01-31,45295.6484375,46179.75,45071.19921875,45996.80078125,1108.55078125
2024-02-01,46164.8984375,46306.8984375,45668.3515625,46188.6484375,638.546875
2024-02-02,46568.19921875,46892.3515625,45901.25,45970.94921875,991.1015625
2024-02-05,45962.25,46048.6015625,45615.1015625,45825.55078125,433.5
2024-02-06,45891.19921875,45932.1484375,45527.0,45690.80078125,405.1484375
2024-02-07,45944.6015625,46062.8515625,45620.5,45818.5,442.3515625
2024-02-08,45973.8515625,46181.19921875,44893.75,45012.0,1287.44921875
2024-02-09,44986.75,45718.1484375,44859.1484375,45634.55078125,859.0
2024-02-12,45664.30078125,45748.5,44633.8515625,44882.25,1114.6484375
2024-02-13,45056.80078125,45750.3984375,44819.55078125,45502.3984375,930.84765625
2024-02-14,45014.6484375,46170.44921875,44860.75,45908.30078125,1309.69921875
2024-02-15,46027.1015625,46297.69921875,45590.19921875,46218.8984375,707.5
2024-02-16,46454.30078125,46693.3984375,46264.3984375,46384.8515625,429.0
2024-02-20,46444.8984375,47136.75,46367.80078125,47094.19921875,768.94921875
2024-02-21,47363.3984375,47363.3984375,46886.94921875,47019.69921875,476.44921875
2024-02-22,46934.55078125,47024.05078125,46426.8515625,46919.80078125,597.19921875
2024-02-23,47060.69921875,47245.3515625,46723.1484375,46811.75,522.203125
2024-02-26,46615.8515625,46893.1484375,46513.55078125,46576.5,379.59765625
2024-02-27,46480.19921875,46722.25,46324.8984375,46588.05078125,397.3515625
2024-02-28,46640.8984375,46754.55078125,45852.55078125,45963.1484375,902.0
2024-02-29,45881.44921875,46329.6484375,45661.75,46120.8984375,667.8984375
2024-03-01,46218.0,47342.25,46218.0,47286.8984375,1124.25
2024-03-04,47318.5,47529.6015625,47191.6484375,47456.1015625,337.953125
2024-03-05,47265.69921875,47737.8515625,47196.75,47581.0,541.1015625
2024-03-06,47451.6484375,48161.25,47442.25,47965.3984375,719.0
2024-03-07,48035.80078125,48071.69921875,47747.19921875,47835.80078125,324.5
2024-03-11,47792.19921875,47853.80078125,47230.6484375,47327.8515625,623.15234375
2024-03-12,47351.3515625,47812.75,46884.44921875,47282.3984375,928.30078125
2024-03-13,47341.1484375,47468.69921875,46842.1484375,46981.30078125,626.55078125
2024-03-14,46825.75,47231.5,46565.55078125,46789.94921875,665.94921875
2024-03-15,46572.1015625,46802.55078125,46310.5,46594.1015625,492.05078125
2024-03-18,46458.75,46739.25,46022.1484375,46575.8984375,717.1015625
2024-03-19,46421.8984375,46602.3515625,46258.75,46384.80078125,343.6015625
2024-03-20,46392.8984375,46655.55078125,45828.80078125,46310.8984375,826.75
2024-03-21,46674.8515625,46990.25,46570.1484375,46684.8984375,420.1015625
2024-03-22,46634.8984375,46974.1484375,46566.80078125,46863.75,407.34765625
2024-03-26,46552.94921875,46788.3515625,46529.05078125,46600.19921875,259.30078125
2024-03-27,46643.44921875,46956.1015625,46643.44921875,46785.94921875,312.65234375
2024-03-28,46827.8515625,47440.44921875,46827.8515625,47124.6015625,612.59765625
2024-04-01,47391.05078125,47646.80078125,47373.1015625,47578.25,273.69921875
2024-04-02,47490.75,47707.3515625,47408.55078125,47545.44921875,298.80078125
2024-04-03,47350.25,47676.94921875,47279.80078125,47624.25,397.1484375
2024-04-04,48086.19921875,48254.6484375,47712.69921875,48060.80078125,541.94921875
2024-04-05,48104.6484375,48557.3984375,47894.5,48493.05078125,662.8984375
2024-04-08,48586.75,48716.94921875,48424.6484375,48581.69921875,292.30078125
2024-04-09,48810.80078125,48960.75,48568.25,48730.55078125,392.5
2024-04-10,48879.55078125,49057.3984375,48669.25,48986.6015625,388.1484375
2024-04-12,48671.19921875,48882.6484375,48477.55078125,48564.55078125,405.09765625
2024-04-15,48057.5,48255.5,47725.80078125,47773.25,529.69921875
2024-04-16,47436.69921875,47609.0,47316.55078125,47484.80078125,292.44921875
2024-04-18,47592.69921875,47829.75,46982.1484375,47069.44921875,847.6015625
2024-04-19,46744.94921875,47668.69921875,46579.05078125,47574.1484375,1089.6484375
2024-04-22,48145.69921875,48146.30078125,47628.44921875,47924.8984375,517.8515625
2024-04-23,48299.6015625,48302.69921875,47899.30078125,47970.44921875,403.3984375
2024-04-24,48120.8984375,48246.19921875,48028.69921875,48189.0,217.5
2024-04-25,47772.6484375,48625.44921875,47737.19921875,48494.94921875,888.25
2024-04-26,48660.0,48679.6484375,48088.25,48201.05078125,591.3984375
2024-04-29,48359.8984375,49473.6015625,48342.69921875,49424.05078125,1130.90234375
2024-04-30,49477.1015625,49974.75,49249.8984375,49396.75,724.8515625
2024-05-02,49262.0,49529.3515625,49123.6015625,49231.05078125,405.75
2024-05-03,49375.05078125,49607.75,48659.69921875,48923.55078125,948.05078125
2024-05-06,49174.55078125,49252.6484375,48784.0,48895.30078125,468.6484375
2024-05-07,48965.05078125,49023.5,48213.75,48285.3515625,809.75
2024-05-08,48124.19921875,48223.05078125,47851.1484375,48021.1015625,371.90234375
2024-05-09,47976.3515625,48258.6484375,47440.6484375,47487.8984375,818.0
2024-05-10,47555.5,47868.69921875,47313.3515625,47421.1015625,555.34765625
2024-05-13,47389.80078125,47841.6015625,46983.25,47754.1015625,858.3515625
2024-05-14,47748.8515625,47937.25,47607.8515625,47859.44921875,329.3984375
2024-05-15,47923.1015625,47957.19921875,47534.5,47687.44921875,422.69921875
2024-05-16,47945.8515625,48052.8984375,47340.3515625,47977.05078125,712.546875
2024-05-17,47842.94921875,48188.6484375,47758.80078125,48115.6484375,429.84765625
2024-05-21,47927.1015625,48259.75,47927.1015625,48048.19921875,332.6484375
2024-05-22,48113.8984375,48114.05078125,47435.25,47781.94921875,678.80078125
2024-05-23,47899.3515625,48829.69921875,47873.1484375,48768.6015625,956.55078125
2024-05-24,48668.0,49052.94921875,48644.80078125,48971.6484375,408.1484375
2024-05-27,49105.8984375,49688.8515625,49051.25,49281.80078125,637.6015625
2024-05-28,49390.8984375,49511.1484375,49043.6484375,49142.1484375,467.5
2024-05-29,48786.69921875,49022.6015625,48401.55078125,48501.3515625,621.05078125
2024-05-30,48313.6015625,49044.6015625,48313.6015625,48682.3515625,731.0
2024-05-31,48895.1484375,49122.55078125,48569.05078125,48983.94921875,553.5
2024-06-03,50889.8515625,51133.19921875,50092.6484375,50979.94921875,1040.55078125
2024-06-04,50667.05078125,50667.05078125,46077.8515625,46928.6015625,4589.19921875
2024-06-05,47486.6015625,49362.8984375,46446.80078125,49054.6015625,2916.09765625
2024-06-06,49426.3984375,49672.75,48906.75,49291.8984375,766.0
2024-06-07,49316.94921875,49943.19921875,49080.44921875,49803.19921875,862.75
2024-06-10,49808.1484375,50252.94921875,49622.75,49780.8984375,630.19921875
2024-06-11,49751.19921875,49970.30078125,49530.44921875,49705.75,439.8515625
2024-06-12,49857.44921875,50233.3984375,49697.3515625,49895.1015625,536.046875
2024-06-13,50179.0,50186.44921875,49799.6484375,49846.69921875,386.80078125
2024-06-14,49993.94921875,50102.6015625,49693.3515625,50002.0,409.25
2024-06-18,50194.3515625,50562.1484375,49900.19921875,50440.8984375,661.94921875
2024-06-19,50607.8984375,51957.0,50441.75,51398.05078125,1515.25
2024-06-20,51712.8984375,51842.19921875,51281.5,51783.25,560.69921875
2024-06-21,51927.30078125,51934.3515625,51224.94921875,51661.44921875,709.40234375
2024-06-24,51280.25,51783.94921875,51138.8984375,51703.94921875,645.05078125
2024-06-25,51759.44921875,52746.5,51747.6484375,52606.0,998.8515625
2024-06-26,52653.19921875,52988.30078125,52373.69921875,52870.5,614.6015625
2024-06-27,52980.30078125,53180.75,52639.0,52811.30078125,541.75
2024-06-28,52874.94921875,53030.30078125,52242.30078125,52342.25,788.0
2024-07-01,52351.1484375,52656.1484375,52166.05078125,52574.75,490.09765625
2024-07-02,52793.75,52828.44921875,51996.6484375,52168.1015625,831.80078125
2024-07-03,52872.30078125,53256.69921875,52482.6484375,53089.25,774.05078125
2024-07-04,53357.69921875,53357.69921875,52815.8984375,53103.69921875,541.80078125
2024-07-05,52560.1015625,52817.8515625,52290.05078125,52660.3515625,527.80078125
2024-07-08,52533.1015625,52710.80078125,52246.69921875,52425.80078125,464.1015625
2024-07-09,52390.5,52626.6015625,52292.94921875,52568.80078125,333.65234375
2024-07-10,52528.80078125,52528.80078125,52075.3984375,52189.30078125,453.40234375
2024-07-11,52316.8984375,52400.30078125,51749.44921875,52270.6484375,650.8515625
2024-07-12,52272.6484375,52794.55078125,52171.1484375,52278.8984375,623.40234375
2024-07-15,52330.05078125,52662.25,52154.0,52455.8984375,508.25
2024-07-16,52466.69921875,52619.05078125,52331.6015625,52396.80078125,287.44921875
2024-07-18,52215.05078125,52782.75,52168.6484375,52620.69921875,614.1015625
2024-07-19,52531.55078125,52586.75,52146.30078125,52265.6015625,440.44921875
2024-07-22,52145.6015625,52427.0,51874.55078125,52280.3984375,552.44921875
2024-07-23,52511.0,52547.55078125,51342.6484375,51778.30078125,1204.90234375
2024-07-24,51657.6484375,51944.6484375,50784.25,51317.0,1160.3984375
2024-07-25,50762.30078125,51006.1015625,50559.8984375,50888.75,446.203125
2024-07-26,50456.1015625,51398.6015625,50438.30078125,51295.94921875,960.30078125
2024-07-29,51546.6484375,52340.25,51186.94921875,51406.25,1153.30078125
2024-07-30,51383.8984375,51957.75,51260.05078125,51499.30078125,697.69921875
2024-07-31,51583.44921875,51663.1015625,51335.69921875,51553.3984375,327.40234375
2024-08-01,51672.6015625,51877.1484375,51456.19921875,51564.0,420.94921875
2024-08-02,51172.25,51608.69921875,51087.8515625,51350.1484375,520.84765625
2024-08-05,50586.25,50747.55078125,49719.1015625,50092.1015625,1028.44921875
2024-08-06,50436.8984375,50688.80078125,49659.05078125,49748.30078125,1029.75
2024-08-07,50286.19921875,50292.44921875,49782.19921875,50119.0,510.25
2024-08-08,50051.8984375,50440.75,49829.6015625,50156.69921875,611.1484375
2024-08-09,50612.1015625,50707.75,50386.44921875,50484.5,321.30078125
2024-08-12,50412.6015625,50830.69921875,50149.25,50577.94921875,681.44921875
2024-08-13,50395.3515625,50559.25,49785.1015625,49831.8515625,774.1484375
2024-08-14,49887.1484375,49959.25,49654.6484375,49727.30078125,304.6015625
2024-08-16,50133.0,50603.3984375,49806.05078125,50516.8984375,797.34765625
2024-08-19,50683.55078125,50728.25,50283.55078125,50368.3515625,444.69921875
2024-08-20,50417.25,51025.6015625,50398.6015625,50803.1484375,627.0
2024-08-21,50666.6484375,50772.44921875,50333.3515625,50685.55078125,439.09765625
2024-08-22,50894.80078125,51080.0,50794.44921875,50985.69921875,285.55078125
2024-08-23,51040.05078125,51117.8515625,50856.69921875,50933.44921875,261.15234375
2024-08-26,51100.6484375,51317.8515625,51061.55078125,51148.1015625,256.30078125
2024-08-27,51214.05078125,51404.69921875,50938.1015625,51278.75,466.59765625
2024-08-28,51208.94921875,51260.75,51033.69921875,51143.8515625,227.05078125
2024-08-29,51103.75,51368.94921875,50984.3984375,51152.75,384.55078125
2024-08-30,51437.44921875,51466.55078125,51256.0,51351.0,210.55078125
2024-09-02,51579.5,51579.5,51295.80078125,51439.55078125,283.69921875
2024-09-03,51479.75,51750.1015625,51240.05078125,51689.1015625,510.05078125
2024-09-04,51364.6484375,51503.55078125,51259.8984375,51400.25,243.65234375
2024-09-05,51544.25,51636.75,51389.1484375,51473.05078125,247.6015625
2024-09-06,51200.3984375,51380.05078125,50447.30078125,50576.8515625,932.75
2024-09-09,50549.25,51192.75,50369.3984375,51117.80078125,823.3515625
2024-09-10,51328.30078125,51366.0,50958.25,51272.30078125,407.75
2024-09-11,51218.55078125,51420.1484375,50947.69921875,51010.0,472.44921875
2024-09-12,51271.0,51878.1015625,51025.0,51772.3984375,853.1015625
2024-09-13,51952.55078125,51994.1015625,51643.94921875,51938.05078125,350.15234375
2024-09-16,52038.69921875,52208.69921875,51921.44921875,52153.1484375,287.25
2024-09-17,52249.05078125,52284.6015625,52085.5,52188.6484375,199.1015625
2024-09-18,52177.1015625,52954.19921875,52154.55078125,52750.3984375,799.6484375
2024-09-19,52929.25,53353.30078125,52847.8984375,53037.6015625,505.40234375
2024-09-20,53235.80078125,54066.1015625,53037.6015625,53793.19921875,1028.5
2024-09-23,53917.8984375,54197.94921875,53741.3984375,54105.80078125,456.55078125
2024-09-24,54110.6484375,54247.69921875,53904.6484375,53968.6015625,343.05078125
2024-09-25,53794.0,54141.30078125,53792.8515625,54101.6484375,348.44921875
2024-09-26,54045.8515625,54467.3515625,54010.8984375,54375.3515625,456.453125
2024-09-27,54338.69921875,54338.69921875,53763.19921875,53834.30078125,575.5
2024-09-30,53556.94921875,53726.3984375,52926.55078125,52978.1015625,799.84765625
2024-10-01,52844.0,53235.25,52817.80078125,52922.6015625,417.44921875
2024-10-03,52314.44921875,52582.94921875,51683.3984375,51845.19921875,899.55078125
2024-10-04,51643.75,52358.3515625,51347.25,51462.05078125,1011.1015625
2024-10-07,51543.19921875,51784.80078125,50194.30078125,50478.8984375,1590.5
2024-10-08,50736.1015625,51176.05078125,50466.0,51021.0,710.05078125
2024-10-09,51161.75,51707.1484375,50903.75,51007.0,803.3984375
2024-10-10,51195.69921875,51659.44921875,51047.0,51530.8984375,612.44921875
2024-10-11,51491.8984375,51560.0,51005.8515625,51172.30078125,554.1484375
2024-10-14,51263.25,51893.0,51220.8515625,51816.8984375,672.1484375
2024-10-15,51975.94921875,52022.05078125,51698.75,51906.0,323.30078125
2024-10-16,51711.19921875,52031.6015625,51711.19921875,51801.05078125,320.40234375
2024-10-17,51849.30078125,51930.19921875,51150.25,51288.80078125,779.94921875
2024-10-18,51261.0,52199.44921875,51000.8984375,52094.19921875,1198.55078125
2024-10-21,52361.1015625,52577.5,51855.1484375,51962.69921875,722.3515625
2024-10-22,52071.3515625,52257.30078125,51179.6015625,51257.1484375,1077.69921875
2024-10-23,51117.80078125,51551.55078125,51107.8984375,51239.0,443.65234375
2024-10-24,51272.30078125,51781.55078125,51201.8515625,51531.1484375,579.69921875
2024-10-25,51369.75,51501.05078125,50382.1015625,50787.44921875,1118.94921875
2024-10-28,51061.3515625,51589.1484375,51012.55078125,51259.30078125,576.59765625
2024-10-29,51404.1015625,52354.8515625,51278.8984375,52320.69921875,1075.953125
2024-10-30,51988.69921875,52220.0,51733.0,51807.5,487.0
2024-10-31,51649.44921875,52005.6015625,51318.1015625,51475.3515625,687.5
2024-11-01,51550.1484375,51825.5,51459.3984375,51673.8984375,366.1015625
2024-11-04,51764.5,51764.5,51066.80078125,51215.25,697.69921875
2024-11-05,51052.6015625,52289.55078125,50865.44921875,52207.25,1424.1015625
2024-11-06,52440.3984375,52493.94921875,52185.3984375,52317.3984375,308.55078125
2024-11-07,52258.94921875,52377.25,51752.25,51916.5,625.0
2024-11-08,51869.1484375,52007.1484375,51494.0,51561.19921875,513.1484375
2024-11-11,51562.69921875,52177.69921875,51294.19921875,51876.75,883.5
2024-11-12,52053.75,52169.05078125,51006.8515625,51157.80078125,1162.19921875
2024-11-13,51030.94921875,51353.5,49904.3984375,50088.3515625,1449.1015625
2024-11-14,50053.44921875,50561.80078125,49939.3515625,50179.55078125,622.44921875
2024-11-18,50312.44921875,50445.80078125,50074.0,50363.80078125,371.80078125
2024-11-19,50580.55078125,50983.5,50440.8515625,50626.5,542.6484375
2024-11-21,50625.0,50652.1484375,49787.1015625,50372.8984375,865.046875
2024-11-22,50512.80078125,51271.5,50508.25,51135.3984375,763.25
2024-11-25,52046.3515625,52331.1015625,51774.05078125,52207.5,557.05078125
2024-11-26,52554.8984375,52555.5,51999.75,52191.5,555.75
2024-11-27,52154.30078125,52444.3515625,52019.6484375,52301.80078125,424.703125
2024-11-28,52389.94921875,52760.19921875,51782.8984375,51906.8515625,977.30078125
2024-11-29,51984.1484375,52170.8984375,51759.44921875,52055.6015625,411.44921875
2024-12-02,52087.6484375,52197.25,51693.94921875,52109.0,503.30078125
2024-12-03,52357.94921875,52780.8984375,52216.8515625,52695.75,564.046875
2024-12-04,52775.0,53387.1015625,52685.1484375,53266.8984375,701.953125
2024-12-05,53354.44921875,53888.30078125,52850.3515625,53603.55078125,1037.94921875
2024-12-06,53634.19921875,53868.5,53160.6484375,53509.5,707.8515625
2024-12-09,53380.75,53775.1015625,53326.3984375,53407.75,448.703125
2024-12-10,53450.05078125,53624.05078125,53302.6484375,53577.69921875,321.40234375
2024-12-11,53459.30078125,53648.05078125,53302.1484375,53391.3515625,345.90234375
2024-12-12,53201.0,53537.44921875,53174.3984375,53216.44921875,363.05078125
2024-12-13,53109.80078125,53654.0,52264.55078125,53583.80078125,1389.44921875
2024-12-16,53502.5,53738.8984375,53335.0,53581.3515625,403.8984375
2024-12-17,53394.1015625,53515.69921875,52709.3984375,52834.80078125,806.30078125
2024-12-18,52696.94921875,52827.6015625,52010.6484375,52139.55078125,816.953125
2024-12-19,51428.44921875,51789.8515625,51263.75,51575.69921875,526.1015625
2024-12-20,51401.3515625,51629.0,50609.3515625,50759.19921875,1019.6484375
2024-12-23,51044.3984375,51417.3515625,51030.3984375,51317.6015625,386.953125
2024-12-24,51314.94921875,51382.1015625,51137.5,51233.0,244.6015625
2024-12-26,51395.80078125,51740.0,50951.80078125,51170.69921875,788.19921875
2024-12-27,51268.19921875,51628.44921875,51240.1015625,51311.30078125,388.34765625
2024-12-30,51255.3515625,51979.75,50718.3515625,50952.75,1261.3984375
2024-12-31,50648.19921875,50945.55078125,50599.80078125,50860.19921875,345.75
2025-01-02,51084.94921875,51672.75,50992.80078125,51605.55078125,679.94921875
2025-01-03,51567.1484375,51671.6015625,50904.3515625,50988.80078125,767.25
2025-01-06,50990.6484375,51026.1015625,49751.0,49922.0,1275.1015625
2025-01-07,50061.19921875,50447.6015625,49969.30078125,50202.1484375,478.30078125
2025-01-08,50201.75,50246.8984375,49389.75,49835.05078125,857.1484375
2025-01-09,49712.55078125,49798.1015625,49230.1484375,49503.5,567.953125
2025-01-10,49426.5,49483.1484375,48631.19921875,48734.1484375,851.94921875
2025-01-13,48264.25,48606.3515625,47898.3515625,48041.25,708.0
2025-01-14,48266.8984375,49007.3515625,48235.19921875,48729.1484375,772.15234375
2025-01-15,48832.75,49083.6484375,48522.3984375,48751.69921875,561.25
2025-01-16,49082.8984375,49459.0,49038.44921875,49278.69921875,420.55078125
2025-01-17,48959.5,49047.19921875,48309.5,48540.6015625,737.69921875
2025-01-20,48834.1484375,49650.6015625,48683.6015625,49350.80078125,967.0
2025-01-21,49532.0,49543.1484375,48430.94921875,48570.8984375,1112.19921875
2025-01-22,48689.55078125,48781.75,48074.05078125,48724.3984375,707.69921875
2025-01-23,48770.1484375,48892.69921875,48493.0,48589.0,399.69921875
2025-01-24,48546.05078125,48858.6484375,48203.0,48367.80078125,655.6484375
2025-01-27,47881.6484375,48319.19921875,47844.1484375,48064.6484375,475.05078125
2025-01-28,48642.5,49247.1484375,48449.05078125,48866.8515625,798.09765625
2025-01-29,48997.19921875,49199.6484375,48849.80078125,49165.94921875,349.84765625
2025-01-30,49206.19921875,49426.19921875,49031.80078125,49311.94921875,394.3984375
2025-01-31,49259.6484375,49674.80078125,49031.80078125,49587.19921875,643.0
2025-02-03,49074.80078125,49373.44921875,48906.05078125,49210.55078125,467.3984375
2025-02-04,49538.80078125,50206.6015625,49482.5,50157.94921875,724.1015625
2025-02-05,50402.30078125,50522.1484375,50215.44921875,50343.05078125,306.69921875
2025-02-06,50468.3515625,50553.3515625,50149.80078125,50382.1015625,403.55078125
2025-02-07,50484.44921875,50641.75,49871.1484375,50158.8515625,770.6015625
2025-02-10,50052.5,50155.6484375,49703.1015625,49981.0,452.546875
2025-02-11,49812.1484375,49906.75,49177.3984375,49403.3984375,729.3515625
2025-02-12,49402.25,49702.3515625,48734.3515625,49479.44921875,968.0
2025-02-13,49469.3515625,49836.1015625,49276.1015625,49359.8515625,560.0
2025-02-14,49485.6484375,49592.94921875,48719.75,49099.44921875,873.19921875
2025-02-17,48880.3984375,49319.0,48525.6015625,49258.8984375,793.3984375
2025-02-18,49211.8515625,49328.55078125,48814.94921875,49087.30078125,513.6015625
2025-02-19,48895.3515625,49628.25,48804.0,49570.1015625,824.25
2025-02-20,49314.1015625,49455.80078125,49150.94921875,49334.55078125,304.8515625
2025-02-21,49127.94921875,49306.55078125,48764.0,48981.19921875,542.55078125
2025-02-24,48619.80078125,48748.3984375,48281.8984375,48651.94921875,466.5
2025-02-25,48691.19921875,48862.1484375,48534.1484375,48608.3515625,328.0
2025-02-27,48732.19921875,48972.55078125,48627.1015625,48743.80078125,345.44921875
2025-02-28,48437.55078125,48574.5,48078.69921875,48344.69921875,495.80078125
2025-03-03,48478.6015625,48574.69921875,47841.30078125,48114.30078125,733.3984375
2025-03-04,47942.5,48374.8984375,47924.75,48245.19921875,450.1484375
2025-03-05,48241.30078125,48657.6484375,48190.25,48489.94921875,467.3984375
2025-03-06,48760.0,48839.1015625,48299.3984375,48627.69921875,539.703125
2025-03-07,48463.80078125,48709.05078125,48359.3515625,48497.5,349.69921875
2025-03-10,48312.0,48599.1484375,48124.6484375,48216.80078125,474.5
2025-03-11,47874.80078125,48029.05078125,47702.8984375,47853.94921875,326.15234375
2025-03-12,47894.3984375,48222.1484375,47844.94921875,48056.6484375,377.19921875
2025-03-13,48219.1484375,48352.44921875,48006.1015625,48060.3984375,346.34765625
2025-03-17,48219.55078125,48481.3515625,48196.1015625,48354.1484375,285.25
2025-03-18,48792.8984375,49400.30078125,48629.44921875,49314.5,770.8515625
2025-03-19,49375.3984375,49807.55078125,49324.80078125,49702.6015625,482.75
2025-03-20,49947.6015625,50155.30078125,49771.6484375,50062.8515625,383.65234375
2025-03-21,49927.1015625,50672.1484375,49891.94921875,50593.55078125,780.19921875
2025-03-24,50982.69921875,51801.1484375,50795.8984375,51704.94921875,1005.25
2025-03-25,51874.19921875,52063.94921875,51429.6015625,51607.94921875,634.34765625
2025-03-26,51640.05078125,51875.80078125,51069.1484375,51209.0,806.65234375
2025-03-27,51084.69921875,51714.3515625,51050.8515625,51575.8515625,663.5
2025-03-28,51608.3984375,51839.1015625,51335.3515625,51564.8515625,503.75
2025-04-01,51178.1484375,51683.8515625,50742.0,50827.5,941.8515625
2025-04-02,50966.8984375,51404.19921875,50908.3515625,51348.05078125,495.84765625
2025-04-03,50910.0,51661.6015625,50906.6484375,51597.3515625,754.953125
2025-04-04,51711.6015625,51893.6015625,51360.3984375,51502.69921875,533.203125
2025-04-07,49336.1015625,50426.25,49156.94921875,49860.1015625,1269.30078125
2025-04-08,50388.55078125,50793.69921875,50030.80078125,50511.0,762.8984375
2025-04-09,50487.1015625,50496.8984375,49910.8515625,50240.1484375,586.046875
2025-04-11,50634.1015625,51244.69921875,50634.1015625,51002.3515625,610.59765625
2025-04-15,52299.0,52486.3515625,51863.30078125,52379.5,623.05078125
2025-04-16,52690.8984375,53164.44921875,52471.3515625,53117.75,693.09765625
2025-04-17,53153.75,54407.19921875,53084.8984375,54290.19921875,1322.30078125
2025-04-21,54891.25,55461.6484375,54674.94921875,55304.5,786.69921875
2025-04-22,55414.30078125,55961.19921875,55243.55078125,55647.19921875,717.6484375
2025-04-23,56097.1015625,56098.69921875,55162.5,55370.05078125,936.19921875
2025-04-24,55103.8984375,55550.44921875,55088.3984375,55201.3984375,462.05078125
2025-04-25,55233.55078125,55350.55078125,54176.44921875,54664.05078125,1174.1015625
2025-04-28,54610.30078125,55577.3984375,54582.3515625,55432.80078125,995.046875
2025-04-29,55524.3515625,55957.75,55262.3984375,55391.25,695.3515625
2025-04-30,55382.3984375,55478.25,54723.69921875,55087.1484375,754.55078125
2025-05-02,55100.94921875,55691.94921875,54994.3984375,55115.3515625,697.55078125
2025-05-05,55065.80078125,55345.5,54786.5,54919.5,559.0
2025-05-06,54918.25,55036.94921875,54172.94921875,54271.3984375,864.0
2025-05-07,54013.3984375,54684.30078125,53919.8984375,54610.8984375,764.40234375
2025-05-08,54801.75,54937.25,54108.0,54365.6484375,829.25
2025-05-09,53595.94921875,54054.80078125,53483.05078125,53595.25,571.75
2025-05-12,54658.75,55466.30078125,54558.05078125,55382.8515625,908.25
2025-05-13,55233.5,55499.6484375,54888.5,54940.8515625,611.1484375
2025-05-14,55008.55078125,55208.6015625,54491.0,54801.30078125,717.6015625
2025-05-15,54853.69921875,55490.55078125,54442.30078125,55355.6015625,1048.25
2025-05-16,55276.0,55418.8984375,55170.25,55354.8984375,248.6484375
2025-05-19,55326.05078125,55695.55078125,55296.55078125,55420.69921875,399.0
2025-05-20,55445.30078125,55568.3515625,54829.44921875,54877.3515625,738.90234375
2025-05-21,55060.19921875,55336.8515625,54690.80078125,55075.1015625,646.05078125
2025-05-22,54875.8984375,54996.1015625,54576.6015625,54941.30078125,419.5
2025-05-23,54959.30078125,55441.30078125,54854.5,55398.25,586.80078125
2025-05-26,55534.8984375,55875.75,55307.5,55572.0,568.25
2025-05-27,55458.94921875,55831.3515625,55037.8515625,55352.80078125,793.5
2025-05-28,55328.6015625,55521.80078125,55235.55078125,55417.0,286.25
2025-05-29,55571.3984375,55782.75,55096.44921875,55546.05078125,686.30078125
2025-05-30,55615.55078125,55813.30078125,55356.6015625,55749.69921875,456.69921875
2025-06-02,55598.25,55966.30078125,55400.55078125,55903.3984375,565.75
2025-06-03,56104.80078125,56161.3984375,55455.80078125,55599.94921875,705.59765625
2025-06-04,55650.3515625,55791.0,55408.3515625,55676.8515625,382.6484375
2025-06-05,55806.75,56010.1484375,55580.44921875,55760.8515625,429.69921875
2025-06-06,55699.44921875,56695.0,55534.75,56578.3984375,1160.25
2025-06-09,57049.5,57049.5,56792.69921875,56839.6015625,256.80078125
2025-06-10,56993.8984375,57015.3984375,56564.1484375,56629.1015625,451.25
2025-06-11,56639.8515625,56782.5,56399.3984375,56459.75,383.1015625
2025-06-12,56480.8984375,56611.05078125,55968.5,56082.55078125,642.55078125
2025-06-13,55149.30078125,55688.0,55149.30078125,55527.3515625,538.69921875
2025-06-16,55554.1015625,55999.8515625,55381.44921875,55944.8984375,618.40234375
2025-06-17,55975.0,56067.30078125,55643.94921875,55714.1484375,423.3515625
2025-06-18,55544.94921875,55933.6015625,55511.80078125,55828.75,421.80078125
2025-06-19,55784.8515625,55942.44921875,55475.44921875,55577.44921875,467.0
2025-06-20,55566.69921875,56328.19921875,55566.3984375,56252.8515625,761.80078125
2025-06-23,55832.3515625,56233.55078125,55779.25,56059.3515625,454.30078125
2025-06-24,56529.44921875,56862.0,56276.1484375,56461.8984375,585.8515625
2025-06-25,56564.5,56681.3984375,56420.6484375,56621.1484375,260.75
2025-06-26,56693.55078125,57263.44921875,56558.3515625,57206.69921875,705.09765625
2025-06-27,57234.69921875,57475.3984375,56993.8515625,57443.8984375,481.546875
2025-06-30,57529.94921875,57614.5,57193.80078125,57312.75,420.69921875
2025-07-01,57375.80078125,57533.8515625,57150.3515625,57459.44921875,383.5
2025-07-02,57558.19921875,57628.3984375,56833.80078125,56999.19921875,794.59765625
2025-07-03,57050.3984375,57193.25,56764.1015625,56791.94921875,429.1484375
2025-07-04,56825.25,57075.1015625,56623.6015625,57031.8984375,451.5
2025-07-07,56938.69921875,57152.19921875,56838.55078125,56949.19921875,313.6484375
2025-07-08,56942.55078125,57303.30078125,56923.05078125,57256.30078125,380.25
2025-07-09,57199.75,57290.6484375,57037.8984375,57213.55078125,252.75
2025-07-10,57339.75,57363.69921875,56886.6015625,56956.0,477.09765625
2025-07-11,56843.44921875,57091.05078125,56607.75,56754.69921875,483.30078125
2025-07-14,56780.75,56896.30078125,56594.25,56765.3515625,302.05078125
2025-07-15,56709.19921875,57134.94921875,56707.80078125,57006.6484375,427.1484375
2025-07-16,57111.25,57276.55078125,56937.6015625,57168.94921875,338.94921875
2025-07-17,57231.94921875,57262.8515625,56780.1484375,56828.80078125,482.703125
2025-07-18,56524.25,56705.1484375,56204.8515625,56283.0,500.296875
2025-07-21,56558.8984375,56983.44921875,56255.69921875,56952.75,727.75
2025-07-22,57253.3515625,57286.1484375,56692.0,56756.0,594.1484375
2025-07-23,56918.1484375,57249.0,56715.80078125,57210.44921875,533.19921875
2025-07-24,57316.6015625,57316.6015625,56850.8984375,57066.05078125,465.703125
2025-07-25,57170.69921875,57170.69921875,56439.3984375,56528.8984375,731.30078125
2025-07-28,56215.1015625,56578.3984375,55997.44921875,56084.8984375,580.94921875
2025-07-29,55881.80078125,56296.3984375,55843.25,56222.0,453.1484375
2025-07-30,56310.1015625,56321.1484375,56064.55078125,56150.69921875,256.59765625
2025-07-31,55728.1484375,56406.19921875,55547.3515625,55961.94921875,858.84765625
2025-08-01,55897.1484375,56097.6015625,55562.1015625,55617.6015625,535.5
2025-08-04,55557.5,55752.44921875,55437.30078125,55619.3515625,315.1484375
2025-08-05,55545.05078125,55648.1484375,55202.8515625,55360.25,445.296875
2025-08-06,55329.80078125,55559.3984375,55227.69921875,55411.1484375,331.69921875
2025-08-07,55215.6484375,55614.80078125,54973.55078125,55521.1484375,641.25
2025-08-08,55609.3515625,55652.6015625,54905.6015625,55004.8984375,747.0
2025-08-11,54999.3515625,55582.1484375,54927.55078125,55510.75,654.59765625
2025-08-12,55441.1015625,55566.69921875,55001.5,55043.69921875,565.19921875
2025-08-13,55340.05078125,55340.05078125,55026.94921875,55181.44921875,313.1015625
2025-08-14,55102.55078125,55472.80078125,55074.30078125,55341.8515625,398.5
2025-08-18,55940.6015625,56156.30078125,55647.6484375,55734.8984375,508.65234375
2025-08-19,55622.30078125,55965.55078125,55608.1484375,55865.1484375,357.40234375
2025-08-20,55751.5,55812.6015625,55577.3515625,55698.5,235.25
2025-08-21,55972.05078125,55993.6484375,55708.19921875,55755.44921875,285.44921875
2025-08-22,55669.25,55745.0,55102.6015625,55149.3984375,642.3984375
2025-08-25,55147.75,55306.0,55048.3984375,55139.30078125,257.6015625
2025-08-26,54999.05078125,55068.8984375,54396.1015625,54450.44921875,672.796875
2025-08-28,54256.0,54382.25,53768.44921875,53820.3515625,613.80078125
2025-08-29,53660.3515625,54086.0,53606.44921875,53655.6484375,479.55078125
2025-09-01,53658.1484375,54035.8515625,53658.1484375,54002.44921875,377.703125
2025-09-02,54038.25,54160.94921875,53578.0,53661.0,582.94921875
2025-09-03,53630.75,54136.1484375,53561.75,54067.55078125,574.3984375
2025-09-04,54379.6015625,54450.55078125,53971.8515625,54075.44921875,478.69921875
2025-09-05,54308.05078125,54308.05078125,53719.55078125,54114.55078125,588.5
2025-09-08,54215.3984375,54518.69921875,54067.1484375,54186.8984375,451.55078125
2025-09-09,54330.55078125,54350.6484375,54079.44921875,54216.1015625,271.19921875
2025-09-10,54554.75,54705.19921875,54400.0,54536.0,305.19921875
2025-09-11,54413.05078125,54757.44921875,54402.3984375,54669.6015625,355.05078125
2025-09-12,54781.55078125,54852.25,54580.3515625,54809.30078125,271.8984375
2025-09-15,54884.05078125,55018.69921875,54807.5,54887.8515625,211.19921875
2025-09-16,54778.3984375,55185.44921875,54777.75,55147.6015625,407.69921875
2025-09-17,55158.3515625,55540.75,55146.55078125,55493.30078125,394.19921875
2025-09-18,55797.1015625,55835.25,55490.8984375,55727.44921875,344.3515625
2025-09-19,55647.94921875,55688.75,55355.30078125,55458.8515625,333.44921875
2025-09-22,55429.30078125,55666.3515625,55215.6015625,55284.75,450.75
2025-09-23,55248.69921875,55662.0,55159.0,55509.75,503.0
2025-09-24,55387.1015625,55511.1015625,55040.44921875,55121.5,470.65234375
2025-09-25,55061.6484375,55276.6484375,54903.30078125,54976.19921875,373.34765625
2025-09-26,54797.8984375,54897.0,54310.94921875,54389.3515625,586.05078125
2025-09-29,54460.3984375,54686.05078125,54226.6015625,54461.0,459.44921875
2025-09-30,54705.5,54793.05078125,54502.94921875,54635.8515625,290.1015625
2025-10-01,54653.8984375,55406.75,54582.55078125,55347.94921875,824.19921875
2025-10-03,55182.6015625,55616.44921875,55177.0,55589.25,439.44921875
2025-10-06,55834.69921875,56164.19921875,55727.25,56104.8515625,436.94921875
2025-10-07,56126.3984375,56502.44921875,56025.05078125,56239.3515625,477.3984375
2025-10-08,56098.5,56303.6015625,55821.0,56018.25,482.6015625
2025-10-09,55979.0,56286.25,55843.8984375,56192.05078125,442.3515625
2025-10-10,56168.6015625,56760.25,56152.44921875,56609.75,607.80078125
2025-10-13,56337.05078125,56770.8984375,56327.3984375,56625.0,443.5
2025-10-14,56598.6484375,56721.30078125,56230.1484375,56496.44921875,491.15234375
2025-10-15,56528.94921875,56922.69921875,56491.8515625,56799.8984375,430.84765625
2025-10-16,57139.94921875,57525.80078125,56994.69921875,57422.55078125,531.1015625
2025-10-17,57362.8984375,57830.19921875,57238.6484375,57713.3515625,591.55078125
2025-10-20,57872.8515625,58261.55078125,57872.8515625,58033.19921875,388.69921875
2025-10-21,58063.3984375,58155.55078125,57887.19921875,58007.19921875,268.3515625
2025-10-23,58314.55078125,58577.5,57951.44921875,58078.05078125,626.05078125
2025-10-24,58172.75,58232.8984375,57482.05078125,57699.6015625,750.84765625
2025-10-27,57796.44921875,58224.55078125,57652.75,58114.25,571.80078125
2025-10-28,58006.55078125,58313.80078125,57770.3515625,58214.1015625,543.44921875
2025-10-29,58316.25,58469.8984375,58087.05078125,58385.25,382.84765625
2025-10-30,58152.05078125,58331.19921875,57999.19921875,58031.1015625,332.0
2025-10-31,57942.44921875,58254.94921875,57656.94921875,57776.3515625,598.0
2025-11-03,57726.8515625,58247.55078125,57718.3984375,58101.44921875,529.15234375
2025-11-04,57966.6484375,58119.6484375,57732.94921875,57827.05078125,386.69921875
2025-11-06,57714.80078125,57945.05078125,57521.0,57554.25,424.05078125
2025-11-07,57391.3984375,58001.3515625,57157.8515625,57876.80078125,843.5
2025-11-10,57846.19921875,58097.19921875,57846.19921875,57937.55078125,251.0
2025-11-11,57962.30078125,58187.3515625,57594.25,58138.1484375,593.1015625
2025-11-12,58505.3515625,58507.69921875,58171.8515625,58274.6484375,335.84765625
2025-11-13,58158.75,58615.94921875,58127.1015625,58381.94921875,488.84765625
2025-11-14,58050.0,58590.1484375,58050.0,58517.55078125,540.1484375
2025-11-17,58696.30078125,59001.55078125,58605.30078125,58962.69921875,396.25
2025-11-18,58990.5,59103.6484375,58798.8984375,58899.25,304.75
2025-11-19,58908.1484375,59264.25,58688.55078125,59216.05078125,575.69921875
2025-11-20,59308.19921875,59440.1015625,59125.25,59347.69921875,314.8515625
2025-11-21,59116.69921875,59232.1484375,58823.6484375,58867.69921875,408.5
2025-11-24,58996.8984375,59309.8984375,58649.5,58835.3515625,660.3984375
2025-11-25,58925.6484375,59166.1484375,58746.19921875,58820.30078125,419.94921875
2025-11-26,58783.05078125,59554.94921875,58783.05078125,59528.05078125,771.8984375
2025-11-27,59605.30078125,59866.6015625,59523.0,59737.30078125,343.6015625
2025-11-28,59758.69921875,59897.5,59598.94921875,59752.69921875,298.55078125
2025-12-01,60102.05078125,60114.30078125,59527.6015625,59681.3515625,586.69921875
2025-12-02,59354.19921875,59656.55078125,59251.94921875,59273.80078125,404.6015625
2025-12-03,59158.69921875,59414.8984375,58925.69921875,59348.25,489.19921875
2025-12-04,59287.1015625,59548.69921875,59062.1484375,59288.69921875,486.55078125
2025-12-05,59133.19921875,59806.6015625,59106.55078125,59777.19921875,700.05078125
2025-12-08,59672.05078125,59713.1484375,59030.6015625,59238.55078125,682.546875
2025-12-09,58918.8515625,59358.25,58878.44921875,59222.3515625,479.80078125
2025-12-10,59281.55078125,59440.8984375,58853.8984375,58960.3984375,587.0
2025-12-11,58966.19921875,59423.3515625,58799.8984375,59209.8515625,623.453125
2025-12-12,59401.5,59545.69921875,59224.8515625,59389.94921875,320.84765625
2025-12-15,59053.69921875,59533.0,59052.30078125,59461.80078125,480.69921875
2025-12-16,59288.75,59335.25,58966.3515625,59034.6015625,368.8984375
2025-12-17,59072.80078125,59127.19921875,58801.3984375,58926.75,325.80078125
2025-12-18,58712.69921875,59211.0,58712.69921875,58912.8515625,498.30078125
2025-12-19,59047.3984375,59140.55078125,58897.5,59069.19921875,243.05078125
2025-12-22,59224.75,59371.19921875,59155.5,59304.0,215.69921875
2025-12-23,59334.3515625,59402.3515625,59216.75,59299.55078125,185.6015625
2025-12-24,59322.94921875,59478.1484375,59118.25,59183.6015625,359.8984375
2025-12-26,59092.8515625,59180.6484375,58947.05078125,59011.3515625,233.59765625
2025-12-29,59007.05078125,59140.3984375,58809.55078125,58932.3515625,330.84765625
2025-12-30,58885.94921875,59272.69921875,58737.6015625,59171.25,535.09765625
2025-12-31,59194.6015625,59766.19921875,59187.1015625,59581.8515625,579.09765625
2026-01-02,59757.3984375,60203.75,59738.25,60150.94921875,465.5
2026-01-05,60360.3984375,60437.3515625,59859.80078125,60044.19921875,577.55078125
2026-01-06,59957.80078125,60305.0,59844.80078125,60118.3984375,460.19921875
2026-01-07,60039.69921875,60065.3984375,59760.6484375,59990.8515625,304.75
2026-01-08,59893.1484375,60112.8515625,59564.80078125,59686.5,548.05078125
2026-01-09,59558.1484375,59739.6484375,59154.19921875,59251.55078125,585.44921875
2026-01-12,59217.25,59541.1015625,58864.19921875,59450.5,676.90234375
